{
    "metrics_single": {
        "f1_macro": 0.9159026526393655,
        "f1_micro": 0.9161147902869757,
        "accuracy_balanced": 0.9189730575357634,
        "accuracy": 0.9161147902869757,
        "precision_macro": 0.9137045090409704,
        "recall_macro": 0.9189730575357634,
        "precision_micro": 0.9161147902869757,
        "recall_micro": 0.9161147902869757,
        "report": {
            "negative": {
                "precision": 0.95,
                "recall": 0.9344262295081968,
                "f1-score": 0.9421487603305785,
                "support": 61.0
            },
            "neutral": {
                "precision": 0.9455252918287937,
                "recall": 0.9169811320754717,
                "f1-score": 0.9310344827586207,
                "support": 265.0
            },
            "positive": {
                "precision": 0.8455882352941176,
                "recall": 0.905511811023622,
                "f1-score": 0.8745247148288974,
                "support": 127.0
            },
            "accuracy": 0.9161147902869757,
            "macro avg": {
                "precision": 0.9137045090409704,
                "recall": 0.9189730575357634,
                "f1-score": 0.9159026526393655,
                "support": 453.0
            },
            "weighted avg": {
                "precision": 0.9181101726644222,
                "recall": 0.9161147902869757,
                "f1-score": 0.9166884130120745,
                "support": 453.0
            }
        }
    },
    "metrics_single_cot": {
        "f1_macro": 0.9255050505050505,
        "f1_micro": 0.9315673289183223,
        "accuracy_balanced": 0.9319847082214011,
        "accuracy": 0.9315673289183223,
        "precision_macro": 0.9196919177147315,
        "recall_macro": 0.9319847082214011,
        "precision_micro": 0.9315673289183223,
        "recall_micro": 0.9315673289183223,
        "report": {
            "negative": {
                "precision": 0.8923076923076924,
                "recall": 0.9508196721311475,
                "f1-score": 0.9206349206349206,
                "support": 61.0
            },
            "neutral": {
                "precision": 0.9467680608365019,
                "recall": 0.939622641509434,
                "f1-score": 0.9431818181818182,
                "support": 265.0
            },
            "positive": {
                "precision": 0.92,
                "recall": 0.905511811023622,
                "f1-score": 0.9126984126984127,
                "support": 127.0
            },
            "accuracy": 0.9315673289183223,
            "macro avg": {
                "precision": 0.9196919177147315,
                "recall": 0.9319847082214011,
                "f1-score": 0.9255050505050505,
                "support": 453.0
            },
            "weighted avg": {
                "precision": 0.931930033890601,
                "recall": 0.9315673289183223,
                "f1-score": 0.9315995814340186,
                "support": 453.0
            }
        }
    },
    "metrics_multiple_cot": {
        "f1_macro": 0.9427035973701295,
        "f1_micro": 0.9403973509933775,
        "accuracy_balanced": 0.9412227740013784,
        "accuracy": 0.9403973509933775,
        "precision_macro": 0.9442380765199161,
        "recall_macro": 0.9412227740013784,
        "precision_micro": 0.9403973509933775,
        "recall_micro": 0.9403973509933775,
        "report": {
            "negative": {
                "precision": 0.9833333333333333,
                "recall": 0.9672131147540983,
                "f1-score": 0.9752066115702479,
                "support": 61.0
            },
            "neutral": {
                "precision": 0.9509433962264151,
                "recall": 0.9509433962264151,
                "f1-score": 0.9509433962264151,
                "support": 265.0
            },
            "positive": {
                "precision": 0.8984375,
                "recall": 0.905511811023622,
                "f1-score": 0.9019607843137255,
                "support": 127.0
            },
            "accuracy": 0.9403973509933775,
            "macro avg": {
                "precision": 0.9442380765199161,
                "recall": 0.9412227740013784,
                "f1-score": 0.9427035973701295,
                "support": 453.0
            },
            "weighted avg": {
                "precision": 0.9405847590139809,
                "recall": 0.9403973509933775,
                "f1-score": 0.9404781962773251,
                "support": 453.0
            }
        }
    }
}